"id";"productID";"quantity";"location";"reorder";"color";"size"
1;1;5;"Boyle, Renner and Jaskolski";0;"pink";"Gorgeous"
2;2;4;"Oberbrunner - Nienow";1;"mint green";"Recycled"
3;1;0;"Beer, Murray and Schinner";0;"magenta";"Tasty"
4;0;1;"Lindgren, Senger and Kris";1;"purple";"Luxurious"
5;2;1;"Lang, Tillman and Rutherford";0;"magenta";"Small"
6;2;3;"Dickinson and Sons";0;"plum";"Small"
7;2;3;"Lakin Group";0;"ivory";"Incredible"
8;0;4;"McCullough and Sons";1;"indigo";"Luxurious"
9;2;1;"Zulauf LLC";0;"green";"Modern"
10;2;2;"Kiehn - Bogisich";1;"sky blue";"Unbranded"
11;1;3;"Ledner, Waelchi and Anderson";0;"mint green";"Elegant"
12;4;3;"Daugherty Group";0;"green";"Tasty"
13;1;0;"Wiza - Wyman";0;"silver";"Refined"
14;0;4;"Casper, D'Amore and Jaskolski";0;"salmon";"Gorgeous"
15;4;5;"Fisher - Schamberger";1;"silver";"Tasty"
16;0;3;"Reinger, Kris and Considine";1;"lime";"Handcrafted"
17;1;1;"Kessler - Stark";0;"white";"Small"
18;4;0;"Parisian - Leannon";0;"sky blue";"Bespoke"
19;5;5;"Gutkowski, Kub and Bartoletti";1;"azure";"Sleek"
20;1;5;"Fisher Inc";1;"fuchsia";"Rustic"
21;5;0;"Yundt - Kling";1;"azure";"Electronic"
22;2;1;"Murray - Franecki";1;"silver";"Bespoke"
23;2;1;"Rice, Fadel and Cruickshank";0;"tan";"Small"
24;4;4;"MacGyver - Muller";1;"green";"Handmade"
25;1;4;"Waelchi, Kemmer and Littel";0;"salmon";"Generic"
26;1;2;"Champlin - Upton";1;"lime";"Small"
27;5;1;"Stanton Group";1;"grey";"Generic"
28;5;4;"Graham, Lubowitz and Considine";1;"lime";"Practical"
29;2;1;"Grant Inc";1;"cyan";"Bespoke"
30;3;3;"Prosacco - Barton";1;"blue";"Licensed"
31;3;2;"Romaguera - Collier";0;"lime";"Unbranded"
32;5;1;"Batz Inc";1;"purple";"Oriental"
33;4;4;"Huels - Labadie";1;"purple";"Handmade"
34;3;4;"Waelchi Inc";0;"lavender";"Refined"
35;0;0;"Frami Group";1;"lime";"Intelligent"
36;1;2;"Braun, Ritchie and Goyette";1;"pink";"Handmade"
37;0;5;"Schuster - Langosh";1;"salmon";"Rustic"
38;0;0;"Tillman - Cronin";1;"tan";"Bespoke"
39;5;4;"Blanda - Cummerata";1;"plum";"Small"
40;2;5;"Koss Group";0;"mint green";"Incredible"
41;1;0;"Wilderman - Kling";0;"azure";"Unbranded"
42;1;1;"Gleason, Larkin and Goodwin";1;"teal";"Sleek"
43;1;1;"Botsford - Grant";0;"tan";"Handcrafted"
44;3;4;"Schulist and Sons";0;"silver";"Practical"
45;3;2;"Raynor - Senger";0;"cyan";"Small"
46;2;4;"Kuphal Group";1;"indigo";"Handcrafted"
47;1;4;"Lehner and Sons";1;"salmon";"Sleek"
48;1;5;"Stamm, Rau and Koch";0;"orchid";"Electronic"
49;4;1;"Hegmann, Miller and Lakin";1;"salmon";"Tasty"
50;5;5;"Kiehn and Sons";1;"orange";"Handmade"
51;1;0;"Daugherty - Fadel";0;"turquoise";"Bespoke"
52;2;0;"Zboncak, Heaney and McClure";1;"lavender";"Sleek"
53;0;2;"Fahey Group";0;"red";"Elegant"
54;3;1;"Jacobi, Dare and Bradtke";0;"purple";"Fantastic"
55;5;0;"Dare - Stehr";1;"plum";"Awesome"
56;4;5;"Greenholt - Koch";0;"gold";"Small"
57;4;0;"Cole, Jones and Hermiston";1;"orange";"Ergonomic"
58;3;3;"Smith - Ritchie";0;"tan";"Tasty"
59;0;1;"Welch, Yost and Spinka";0;"indigo";"Practical"
60;2;2;"Moen, Ledner and Cartwright";1;"sky blue";"Awesome"
61;4;0;"Dibbert, Conroy and Berge";0;"indigo";"Luxurious"
62;2;0;"Jacobi - Jast";1;"lime";"Sleek"
63;2;5;"Bernier - Mayert";1;"green";"Ergonomic"
64;5;0;"Hodkiewicz and Sons";0;"silver";"Licensed"
65;5;4;"Hammes - Lebsack";0;"salmon";"Unbranded"
66;2;5;"Schowalter and Sons";0;"fuchsia";"Bespoke"
67;4;2;"Smith - Jones";1;"pink";"Generic"
68;4;4;"Walker - Kunze";1;"azure";"Unbranded"
69;3;2;"Legros Inc";1;"orchid";"Small"
70;4;2;"Purdy Inc";1;"red";"Handmade"
71;2;3;"Wyman - Jaskolski";0;"ivory";"Refined"
72;1;2;"Hamill Inc";1;"yellow";"Unbranded"
73;0;1;"Haley LLC";1;"purple";"Licensed"
74;0;5;"Kuhn - Hansen";0;"teal";"Handcrafted"
75;2;0;"Gibson and Sons";1;"orange";"Licensed"
76;4;2;"Littel - Koepp";1;"grey";"Unbranded"
77;5;3;"Grant and Sons";1;"olive";"Fantastic"
78;3;1;"Harvey and Sons";1;"white";"Small"
79;1;5;"Bogisich and Sons";1;"magenta";"Tasty"
80;3;4;"Brown, Sawayn and Maggio";1;"white";"Fantastic"
81;1;3;"Friesen Inc";0;"cyan";"Handcrafted"
82;5;1;"Kunze - Leuschke";1;"blue";"Intelligent"
83;4;0;"Tromp and Sons";0;"gold";"Fantastic"
84;5;3;"Kassulke - Dicki";1;"violet";"Awesome"
85;5;2;"Crooks, Homenick and Ernser";0;"indigo";"Ergonomic"
86;5;3;"Dooley, Adams and Armstrong";0;"ivory";"Handmade"
87;4;1;"Lubowitz - Crist";0;"tan";"Handcrafted"
88;4;1;"Ernser, Wehner and Batz";0;"grey";"Intelligent"
89;2;5;"Harvey - Ondricka";1;"lavender";"Rustic"
90;2;0;"Cormier Inc";0;"olive";"Refined"
91;1;0;"Morissette Group";1;"purple";"Unbranded"
92;2;4;"Kiehn, Schaden and Trantow";0;"plum";"Practical"
93;3;2;"Abernathy, Williamson and McDermott";1;"violet";"Rustic"
94;5;4;"Bayer - Rau";1;"mint green";"Small"
95;3;0;"Rath, Marquardt and Macejkovic";0;"magenta";"Elegant"
96;2;0;"Schuppe, Hayes and Berge";1;"gold";"Licensed"
97;4;1;"DuBuque, Sawayn and Anderson";0;"cyan";"Electronic"
98;3;1;"Sporer Group";0;"green";"Incredible"
99;5;4;"Auer Inc";0;"purple";"Luxurious"
100;1;2;"Carter Inc";0;"olive";"Practical"
101;0;2;"O'Hara, Gutmann and Littel";1;"tan";"Generic"
102;0;5;"Gusikowski, Bogisich and Abernathy";0;"green";"Unbranded"
103;4;4;"Beahan, Torphy and Wilderman";1;"maroon";"Awesome"
104;4;4;"Bernhard Group";1;"blue";"Handmade"
105;5;1;"Bednar - Padberg";1;"tan";"Handmade"
106;4;2;"Gleichner - Sporer";1;"indigo";"Refined"
107;4;5;"Barrows, Kuphal and Volkman";1;"green";"Ergonomic"
108;5;0;"Deckow - Fisher";1;"plum";"Rustic"
109;3;5;"King, Braun and Kuhlman";1;"green";"Ergonomic"
110;0;4;"Stark - Morissette";0;"grey";"Practical"
111;5;4;"Franey, Becker and Rolfson";1;"lime";"Refined"
112;0;2;"Hauck - Sporer";0;"pink";"Gorgeous"
113;1;0;"Krajcik - Kreiger";1;"blue";"Luxurious"
114;3;3;"Muller and Sons";1;"salmon";"Practical"
115;1;2;"Zemlak LLC";1;"magenta";"Modern"
116;2;0;"Jacobson Group";1;"indigo";"Rustic"
117;1;4;"Anderson Inc";1;"violet";"Bespoke"
118;3;3;"Schuppe - Murray";1;"red";"Sleek"
119;1;4;"Schultz and Sons";0;"magenta";"Handcrafted"
120;2;0;"Kilback - Spencer";1;"lime";"Unbranded"
121;4;1;"Beier and Sons";0;"yellow";"Gorgeous"
122;3;1;"Lakin Group";1;"azure";"Awesome"
123;1;1;"Corkery - Hoeger";1;"blue";"Oriental"
124;0;4;"Hirthe, Kub and Huels";1;"magenta";"Handcrafted"
125;3;2;"Gottlieb - Breitenberg";0;"azure";"Refined"
126;4;4;"Harber, Ledner and Johns";0;"yellow";"Awesome"
127;2;3;"Kuhic LLC";0;"orchid";"Practical"
128;3;4;"Nicolas - MacGyver";1;"magenta";"Elegant"
129;5;1;"Monahan - Harvey";0;"pink";"Modern"
130;2;0;"Gislason and Sons";1;"sky blue";"Modern"
131;0;1;"Bahringer - Zboncak";1;"black";"Intelligent"
132;4;1;"Barton, Schaefer and Schmeler";0;"cyan";"Gorgeous"
133;5;3;"Koepp, Zemlak and Bosco";0;"fuchsia";"Rustic"
134;0;0;"McGlynn - Cruickshank";1;"blue";"Practical"
135;3;0;"Wiza, Fay and Waters";0;"magenta";"Electronic"
136;1;1;"Bashirian - Bins";1;"indigo";"Ergonomic"
137;4;3;"Crona - Hickle";1;"orange";"Luxurious"
138;4;2;"Sanford - Welch";0;"sky blue";"Ergonomic"
139;0;2;"Kuhn LLC";0;"cyan";"Ergonomic"
140;5;0;"Hansen - Wuckert";1;"orange";"Luxurious"
141;4;2;"Schuppe - Prohaska";0;"orange";"Refined"
142;3;4;"Huel, Treutel and Padberg";1;"maroon";"Handmade"
143;1;2;"Mosciski - Abshire";0;"blue";"Fantastic"
144;4;4;"Konopelski, Labadie and Kuvalis";0;"black";"Bespoke"
145;4;0;"Cassin - Jenkins";1;"blue";"Handcrafted"
146;5;5;"Cronin, Rath and Christiansen";0;"azure";"Awesome"
147;4;4;"Keeling, Ziemann and Homenick";1;"olive";"Ergonomic"
148;4;1;"Hane - Hayes";0;"ivory";"Luxurious"
149;2;3;"Buckridge Group";0;"violet";"Handcrafted"
150;4;4;"Breitenberg, Stark and Windler";1;"black";"Tasty"
151;0;3;"Schulist, Leffler and Bartoletti";1;"lavender";"Intelligent"
152;2;5;"Doyle - Medhurst";0;"sky blue";"Handcrafted"
153;3;1;"Wisoky - Bergstrom";0;"mint green";"Elegant"
154;1;1;"Runte LLC";1;"sky blue";"Modern"
155;2;5;"Keebler and Sons";1;"magenta";"Gorgeous"
156;0;2;"Walker and Sons";0;"plum";"Oriental"
157;5;3;"Wunsch, Wilkinson and Huel";0;"purple";"Handmade"
158;5;5;"Frami Group";0;"cyan";"Sleek"
159;2;4;"Kuhlman, Brekke and Windler";0;"indigo";"Intelligent"
160;1;1;"Beier, Christiansen and Bailey";0;"teal";"Refined"
161;1;1;"Ryan Group";1;"ivory";"Handmade"
162;0;5;"Ryan, Kuhn and Lesch";1;"fuchsia";"Luxurious"
163;2;1;"Denesik - Howe";1;"magenta";"Generic"
164;1;0;"Fisher and Sons";0;"red";"Tasty"
165;4;0;"Runolfsson, Johns and Schuppe";1;"white";"Small"
166;0;0;"Hessel Group";0;"purple";"Licensed"
167;1;0;"Leannon - Pfeffer";0;"silver";"Licensed"
168;3;1;"Ullrich - Kutch";0;"mint green";"Modern"
169;0;2;"Gutkowski, O'Keefe and Lemke";1;"blue";"Elegant"
170;3;5;"Swaniawski, Jacobs and Christiansen";0;"salmon";"Unbranded"
171;4;0;"Sawayn, Kihn and Ullrich";1;"salmon";"Elegant"
172;1;3;"Predovic, Wilkinson and Corwin";0;"ivory";"Licensed"
173;3;4;"Gottlieb LLC";1;"maroon";"Small"
174;1;4;"Walter - Mueller";0;"blue";"Modern"
175;1;5;"Ledner Inc";1;"purple";"Intelligent"
176;5;4;"Weber - Walker";1;"olive";"Oriental"
177;2;1;"Renner, Torphy and Botsford";1;"blue";"Gorgeous"
178;2;0;"Bernhard - Fay";1;"orchid";"Fantastic"
179;5;0;"Walter - Littel";0;"black";"Bespoke"
180;0;3;"Cole Group";1;"teal";"Elegant"
181;3;3;"Homenick and Sons";1;"lime";"Awesome"
182;3;3;"Gleason - Ritchie";0;"silver";"Luxurious"
183;0;2;"Johnston, Ortiz and Bergnaum";1;"mint green";"Rustic"
184;4;1;"Denesik - Schinner";0;"yellow";"Fantastic"
185;4;1;"Volkman and Sons";0;"blue";"Sleek"
186;5;0;"Luettgen, Kutch and Kiehn";1;"pink";"Tasty"
187;5;5;"Von LLC";0;"salmon";"Practical"
188;0;4;"Weimann, Bins and Franey";0;"violet";"Oriental"
189;1;4;"Bergnaum - Donnelly";1;"orange";"Fantastic"
190;0;1;"D'Amore, Larson and Witting";1;"lime";"Electronic"
191;2;1;"Collins, Jacobson and Cartwright";0;"yellow";"Handcrafted"
192;4;0;"Corkery Inc";1;"olive";"Small"
193;5;2;"O'Connell, Little and Kautzer";1;"turquoise";"Refined"
194;5;1;"Bins, Kris and Ledner";1;"indigo";"Modern"
195;4;0;"Beer Inc";1;"indigo";"Ergonomic"
196;2;2;"Aufderhar - Schmeler";1;"orange";"Refined"
197;2;5;"Reynolds LLC";1;"purple";"Licensed"
198;1;5;"Wilkinson, Bartoletti and Parisian";1;"black";"Fantastic"
199;0;0;"Lind - Zulauf";1;"violet";"Bespoke"
200;2;3;"Haag Group";0;"lime";"Handcrafted"
201;2;4;"Donnelly LLC";1;"tan";"Bespoke"
202;3;5;"Balistreri LLC";0;"fuchsia";"Rustic"
203;5;1;"Grant - Swaniawski";1;"plum";"Rustic"
204;4;5;"Raynor - Lebsack";0;"black";"Modern"
205;0;3;"Kuvalis - Hintz";1;"tan";"Recycled"
206;5;5;"Green Group";1;"pink";"Intelligent"
207;1;3;"Dach - Hand";1;"ivory";"Practical"
208;2;3;"Luettgen - Kerluke";1;"lime";"Luxurious"
209;3;1;"Hoppe, Wilkinson and Brown";0;"maroon";"Awesome"
210;2;2;"Morissette, Klein and Weber";1;"lavender";"Luxurious"
211;5;0;"Quigley and Sons";0;"turquoise";"Incredible"
212;1;3;"Murazik - Bayer";1;"cyan";"Ergonomic"
213;1;5;"Rau - Rice";1;"indigo";"Intelligent"
214;1;4;"Hayes - Cremin";1;"lavender";"Ergonomic"
215;4;3;"Effertz, Cummings and Paucek";0;"violet";"Fantastic"
216;0;4;"Bailey and Sons";0;"olive";"Recycled"
217;0;0;"Lehner - Padberg";1;"purple";"Handcrafted"
218;3;2;"Schroeder - Paucek";1;"violet";"Electronic"
219;0;1;"Mayer and Sons";1;"tan";"Rustic"
220;4;2;"Brakus - Schoen";1;"white";"Licensed"
221;2;1;"Cartwright - Rippin";0;"turquoise";"Electronic"
222;3;0;"Paucek Group";1;"maroon";"Handmade"
223;0;5;"Baumbach LLC";1;"tan";"Electronic"
224;5;2;"Kovacek LLC";1;"mint green";"Handmade"
225;5;2;"Bogisich - Harber";1;"teal";"Recycled"
226;4;4;"Aufderhar - Lemke";1;"plum";"Ergonomic"
227;0;3;"Bradtke LLC";0;"azure";"Small"
228;0;3;"Mayert - Beahan";1;"yellow";"Sleek"
229;4;4;"Leannon, Wisozk and Kohler";0;"mint green";"Ergonomic"
230;1;1;"Greenholt - Johnson";0;"tan";"Handcrafted"
231;4;1;"Keeling, Dooley and West";0;"pink";"Recycled"
232;1;2;"Harber, Morissette and Green";0;"turquoise";"Fantastic"
233;4;1;"Pouros - Weissnat";0;"mint green";"Tasty"
234;1;1;"Hudson, Mertz and Hills";1;"salmon";"Tasty"
235;5;2;"Walsh Inc";1;"plum";"Elegant"
236;2;0;"Kertzmann, Emmerich and Champlin";0;"white";"Unbranded"
237;4;0;"Gerhold LLC";1;"salmon";"Unbranded"
238;1;0;"Jast and Sons";1;"lavender";"Tasty"
239;3;0;"Kshlerin - Balistreri";0;"gold";"Rustic"
240;2;0;"Bosco Inc";1;"turquoise";"Ergonomic"
241;5;2;"Casper - Carroll";1;"purple";"Small"
242;2;0;"Quigley LLC";0;"lavender";"Gorgeous"
243;1;0;"Paucek - Feest";1;"maroon";"Elegant"
244;5;3;"Kihn - Miller";1;"magenta";"Elegant"
245;2;1;"O'Kon and Sons";0;"ivory";"Small"
246;1;0;"Turcotte Inc";1;"lime";"Handmade"
247;0;0;"Hahn, Gusikowski and Pacocha";1;"teal";"Handmade"
248;0;4;"Orn and Sons";1;"plum";"Rustic"
249;1;0;"Stark - Rosenbaum";0;"blue";"Incredible"
250;5;5;"Boyle Inc";1;"blue";"Refined"
251;1;0;"Hane, Torp and Kilback";1;"salmon";"Rustic"
252;3;1;"Cremin, Ziemann and Collins";1;"cyan";"Bespoke"
253;1;1;"Little LLC";0;"silver";"Recycled"
254;3;5;"Watsica, Fahey and Pfeffer";1;"red";"Recycled"
255;3;3;"Block, Schuster and Rau";0;"silver";"Fantastic"
256;5;4;"Sawayn Inc";1;"yellow";"Intelligent"
257;2;0;"Cummerata, Greenholt and Corwin";0;"gold";"Refined"
258;0;2;"Nicolas Inc";1;"lime";"Recycled"
259;1;1;"Gorczany and Sons";1;"blue";"Handcrafted"
260;4;1;"King LLC";0;"orange";"Gorgeous"
261;5;5;"Cassin, Deckow and Walter";1;"white";"Gorgeous"
262;5;3;"Goldner, Swaniawski and Keeling";1;"purple";"Bespoke"
263;3;3;"Halvorson, Pacocha and Runolfsson";0;"indigo";"Electronic"
264;1;5;"Senger, Corkery and Leffler";1;"lime";"Ergonomic"
265;1;2;"O'Hara Group";1;"ivory";"Handcrafted"
266;2;0;"Nitzsche, Bradtke and Heathcote";1;"gold";"Rustic"
267;1;5;"Romaguera, Cole and Hackett";1;"olive";"Recycled"
268;2;5;"Aufderhar Group";0;"fuchsia";"Modern"
269;4;3;"Rempel, Harris and Zieme";1;"azure";"Unbranded"
270;0;2;"Bednar - Howell";1;"pink";"Rustic"
271;2;3;"Davis - McCullough";0;"orange";"Incredible"
272;2;4;"Wilderman - Abbott";1;"fuchsia";"Practical"
273;3;4;"Auer and Sons";0;"green";"Unbranded"
274;1;0;"Jenkins - Abshire";0;"orchid";"Tasty"
275;2;1;"Harris, Kreiger and Fisher";1;"lavender";"Electronic"
276;1;3;"Kshlerin - Lind";0;"green";"Handcrafted"
277;4;4;"Fahey Inc";0;"green";"Recycled"
278;0;2;"McDermott - Jast";1;"gold";"Bespoke"
279;0;2;"Hane and Sons";1;"salmon";"Small"
280;0;4;"Osinski and Sons";1;"indigo";"Licensed"
281;5;3;"Douglas - Ferry";0;"maroon";"Practical"
282;5;1;"Sauer Inc";0;"sky blue";"Fantastic"
283;0;4;"Reinger, Mills and Harris";0;"grey";"Rustic"
284;2;3;"Veum and Sons";0;"violet";"Generic"
285;0;1;"West - Fisher";1;"maroon";"Refined"
286;0;2;"Bogisich LLC";0;"black";"Recycled"
287;3;0;"Lebsack, Mitchell and Lynch";1;"mint green";"Refined"
288;0;0;"Walsh, Rosenbaum and Osinski";0;"olive";"Rustic"
289;4;4;"Harvey, Nader and King";1;"olive";"Incredible"
290;1;5;"Kirlin - Aufderhar";0;"fuchsia";"Handcrafted"
291;4;1;"Torphy - Hamill";1;"black";"Tasty"
292;1;4;"Langosh LLC";0;"sky blue";"Luxurious"
293;1;4;"Bogan, Hane and Waelchi";0;"plum";"Licensed"
294;0;1;"Spencer Group";0;"ivory";"Practical"
295;5;4;"Pagac, Hilpert and Klein";1;"maroon";"Refined"
296;3;0;"Mertz LLC";1;"black";"Intelligent"
297;3;5;"Altenwerth, Gutmann and Treutel";1;"salmon";"Electronic"
298;4;4;"Kilback - Hahn";0;"plum";"Handcrafted"
299;2;5;"Boyle, Krajcik and Hand";0;"indigo";"Intelligent"
300;5;2;"Monahan - Stokes";0;"olive";"Gorgeous"
301;5;1;"Kohler, Schultz and Cummerata";1;"pink";"Bespoke"
302;1;5;"Barrows and Sons";1;"gold";"Gorgeous"
303;2;2;"Macejkovic - Volkman";1;"cyan";"Unbranded"
304;3;4;"Raynor, Gibson and Gerhold";0;"blue";"Licensed"
305;2;2;"Wilkinson, Rodriguez and Sawayn";1;"yellow";"Incredible"
306;0;1;"Rice and Sons";1;"gold";"Electronic"
307;4;5;"Raynor and Sons";1;"black";"Unbranded"
308;2;5;"Schuppe - Wiza";0;"purple";"Licensed"
309;4;1;"Schumm, Schmeler and Doyle";1;"orange";"Practical"
310;4;3;"Medhurst LLC";0;"fuchsia";"Tasty"
311;0;2;"Krajcik - Klein";0;"mint green";"Small"
312;1;1;"Kunde - Trantow";1;"sky blue";"Handmade"
313;5;2;"O'Connell, Schuster and Feil";1;"lime";"Elegant"
314;2;2;"Will Inc";1;"silver";"Gorgeous"
315;0;5;"Walsh - Thiel";1;"sky blue";"Handmade"
316;1;0;"Schamberger Group";1;"magenta";"Small"
317;4;2;"Hansen, Nienow and Berge";1;"green";"Gorgeous"
318;3;3;"Kiehn, Ankunding and Lebsack";0;"fuchsia";"Tasty"
319;1;5;"Gislason Group";0;"turquoise";"Electronic"
320;4;2;"Dare Group";0;"orchid";"Bespoke"
321;0;5;"Skiles - Feeney";0;"maroon";"Refined"
322;1;4;"Rutherford - D'Amore";0;"turquoise";"Gorgeous"
323;2;2;"Schmitt and Sons";0;"grey";"Elegant"
324;3;0;"Welch - Hegmann";1;"sky blue";"Handmade"
325;2;5;"Bergnaum, Kutch and Runolfsson";0;"black";"Practical"
326;3;5;"Hegmann - Huel";0;"grey";"Fantastic"
327;3;3;"Hettinger, Mraz and Greenfelder";1;"green";"Luxurious"
328;1;1;"Breitenberg - Douglas";1;"ivory";"Elegant"
329;0;3;"Halvorson - Conn";1;"teal";"Gorgeous"
330;4;5;"Will, Hirthe and Stanton";1;"indigo";"Practical"
331;4;2;"Stroman and Sons";1;"indigo";"Tasty"
332;5;3;"Pfannerstill, Batz and Jerde";1;"black";"Fantastic"
333;2;0;"Frami Inc";1;"fuchsia";"Luxurious"
334;3;4;"Hansen, Kirlin and Gerlach";0;"white";"Rustic"
335;5;2;"Krajcik, Runte and Sawayn";0;"cyan";"Electronic"
336;3;1;"Powlowski, Gulgowski and Stamm";1;"salmon";"Bespoke"
337;0;4;"Leffler - Williamson";1;"lavender";"Elegant"
338;4;1;"Cremin - Satterfield";0;"lime";"Awesome"
339;2;2;"Collins - Beatty";0;"olive";"Ergonomic"
340;5;2;"Franey Group";1;"red";"Elegant"
341;2;3;"Harris - Predovic";0;"indigo";"Generic"
342;2;0;"Price Group";1;"teal";"Licensed"
343;2;1;"Ruecker Group";0;"turquoise";"Small"
344;3;4;"Veum, Jacobs and Dibbert";1;"lavender";"Refined"
345;1;1;"Fahey - Jakubowski";1;"plum";"Fantastic"
346;2;3;"Rippin Inc";1;"azure";"Awesome"
347;1;1;"Thiel - Rempel";0;"black";"Practical"
348;1;4;"Wisoky - Muller";1;"ivory";"Luxurious"
349;0;0;"DuBuque - Douglas";0;"gold";"Oriental"
350;2;4;"Bins LLC";1;"black";"Rustic"
351;4;0;"Wilkinson - Berge";0;"silver";"Modern"
352;2;2;"Powlowski - Schinner";1;"maroon";"Refined"
353;2;2;"O'Connell Group";0;"violet";"Ergonomic"
354;5;5;"Nikolaus, Koepp and Schmidt";1;"plum";"Awesome"
355;3;0;"Rohan, Schuppe and Paucek";1;"plum";"Handmade"
356;1;1;"Leffler, Hansen and Kuphal";0;"gold";"Refined"
357;1;4;"Larson - Bauch";0;"turquoise";"Handcrafted"
358;3;4;"Prosacco, Mraz and Sanford";1;"pink";"Gorgeous"
359;4;5;"Johnson LLC";0;"red";"Bespoke"
360;1;2;"Deckow, Wolff and Bechtelar";0;"maroon";"Electronic"
361;4;1;"Boyle - Tremblay";0;"azure";"Generic"
362;4;5;"Kub, Donnelly and Gusikowski";0;"sky blue";"Elegant"
363;3;4;"Borer LLC";0;"lavender";"Unbranded"
364;1;0;"Altenwerth Inc";0;"sky blue";"Modern"
365;1;4;"Larson - Bergstrom";1;"fuchsia";"Recycled"
366;2;5;"Schmitt, Braun and Wintheiser";1;"turquoise";"Rustic"
367;2;5;"Von, Lebsack and Hartmann";1;"salmon";"Incredible"
368;4;0;"Keeling, Gleason and Roberts";0;"turquoise";"Licensed"
369;5;2;"Reichel, Morar and Dicki";1;"blue";"Unbranded"
370;1;5;"Kihn and Sons";0;"teal";"Bespoke"
371;0;0;"Osinski, Hilll and Goldner";0;"plum";"Tasty"
372;2;1;"Olson - Hahn";0;"violet";"Incredible"
373;2;2;"Turner - Mayert";1;"mint green";"Practical"
374;3;1;"Nitzsche, Gerlach and Kub";0;"violet";"Licensed"
375;4;3;"Zieme, Harvey and Kunde";1;"silver";"Refined"
376;0;5;"Rodriguez - Ziemann";0;"pink";"Rustic"
377;0;5;"Streich LLC";0;"grey";"Incredible"
378;0;3;"Schultz and Sons";1;"white";"Licensed"
379;5;2;"Bartell and Sons";1;"purple";"Electronic"
380;4;4;"Hoeger LLC";1;"plum";"Intelligent"
381;2;1;"Frami, Hackett and Donnelly";1;"tan";"Fantastic"
382;3;3;"Bernier and Sons";0;"green";"Luxurious"
383;2;1;"Ondricka Inc";0;"red";"Rustic"
384;2;3;"Metz Inc";0;"azure";"Elegant"
385;2;3;"Bartoletti, Boehm and Lindgren";1;"turquoise";"Tasty"
386;0;4;"Kirlin LLC";0;"sky blue";"Recycled"
387;4;3;"Bartoletti and Sons";0;"mint green";"Intelligent"
388;2;1;"Bechtelar, Mayer and Luettgen";1;"yellow";"Generic"
389;2;4;"Roob, Trantow and Cruickshank";0;"grey";"Elegant"
390;3;3;"Kiehn - Kub";1;"turquoise";"Fantastic"
391;4;3;"Quitzon - Kreiger";0;"tan";"Oriental"
392;5;5;"Hackett Inc";0;"plum";"Licensed"
393;2;5;"Predovic Group";1;"lime";"Recycled"
394;1;1;"Batz, Lang and Mante";1;"azure";"Handcrafted"
395;1;1;"Moen - Fahey";1;"plum";"Luxurious"
396;1;5;"Bednar - Satterfield";1;"pink";"Modern"
397;5;4;"Jacobi and Sons";1;"yellow";"Recycled"
398;0;0;"Bins - Daugherty";1;"yellow";"Refined"
399;2;0;"Thompson and Sons";1;"maroon";"Awesome"
400;0;5;"Hackett LLC";1;"indigo";"Unbranded"
401;2;0;"Smitham LLC";0;"tan";"Practical"
402;4;3;"Friesen, Emard and Moore";1;"lavender";"Gorgeous"
403;1;2;"Ebert Inc";1;"ivory";"Elegant"
404;1;0;"Grant, Howell and Lockman";1;"salmon";"Electronic"
405;0;0;"Dach, Goodwin and Mohr";0;"fuchsia";"Handmade"
406;0;3;"Wisoky - Labadie";1;"magenta";"Practical"
407;1;1;"Walker Group";1;"mint green";"Ergonomic"
408;1;5;"Runte - Conn";1;"lime";"Awesome"
409;1;3;"Miller, Beatty and Hudson";1;"azure";"Refined"
410;5;0;"Considine, Cruickshank and Mohr";1;"ivory";"Recycled"
411;3;0;"White - White";1;"lime";"Intelligent"
412;4;5;"Langosh - Robel";1;"turquoise";"Oriental"
413;1;4;"Reilly - Flatley";1;"maroon";"Licensed"
414;1;0;"Cartwright, Mohr and Kub";1;"cyan";"Luxurious"
415;4;4;"Kerluke, Mills and Kiehn";0;"olive";"Intelligent"
416;5;2;"Sauer, Nader and Beier";0;"olive";"Luxurious"
417;3;1;"Berge LLC";0;"teal";"Generic"
418;1;5;"Purdy Group";0;"sky blue";"Awesome"
419;1;5;"Schulist and Sons";1;"ivory";"Rustic"
420;4;3;"Bayer - Hand";1;"orange";"Refined"
421;3;2;"Wiegand - Kling";0;"red";"Sleek"
422;5;4;"Fisher - Yundt";0;"blue";"Sleek"
423;1;0;"Simonis Group";0;"tan";"Ergonomic"
424;4;3;"Upton and Sons";0;"ivory";"Handmade"
425;3;3;"Osinski - Schroeder";0;"maroon";"Recycled"
426;0;0;"Champlin, Rice and Barton";0;"magenta";"Intelligent"
427;4;2;"Herman, Mitchell and Jerde";1;"purple";"Electronic"
428;3;1;"Monahan, Pfannerstill and Muller";1;"magenta";"Bespoke"
429;5;5;"Ryan, Wolf and Prosacco";1;"silver";"Handcrafted"
430;2;2;"Brekke - Cormier";1;"mint green";"Handmade"
431;0;4;"Robel - Watsica";0;"plum";"Unbranded"
432;5;4;"Schimmel Inc";1;"sky blue";"Gorgeous"
433;0;4;"Streich, Stoltenberg and Wintheiser";0;"magenta";"Handmade"
434;1;1;"Pouros Group";1;"azure";"Incredible"
435;5;0;"Walker, Gleason and Klocko";0;"indigo";"Ergonomic"
436;2;2;"Lubowitz - Batz";0;"plum";"Refined"
437;5;4;"Gleason LLC";1;"teal";"Recycled"
438;2;5;"Lynch - Considine";1;"green";"Intelligent"
439;4;0;"Mayert - Harber";1;"olive";"Awesome"
440;4;3;"Orn - Dickens";1;"gold";"Electronic"
441;3;1;"Keeling, Becker and Ortiz";0;"gold";"Elegant"
442;3;2;"Grady Group";1;"silver";"Intelligent"
443;5;1;"Reynolds LLC";0;"turquoise";"Recycled"
444;4;0;"Murazik - Conn";1;"red";"Rustic"
445;5;1;"Mitchell - Sauer";1;"orchid";"Intelligent"
446;2;4;"Lynch, Yundt and Bergstrom";0;"grey";"Oriental"
447;0;3;"Mitchell - Medhurst";0;"purple";"Incredible"
448;1;5;"Raynor Group";0;"cyan";"Awesome"
449;2;5;"Kuhic - Bernhard";1;"sky blue";"Fantastic"
450;5;3;"Fadel - Sawayn";0;"turquoise";"Luxurious"
451;5;2;"Yost LLC";1;"orchid";"Fantastic"
452;4;5;"Ziemann LLC";1;"white";"Incredible"
453;5;3;"Thiel - Reinger";1;"indigo";"Modern"
454;5;4;"Kozey - Quigley";0;"azure";"Ergonomic"
455;0;5;"Mertz Group";1;"white";"Rustic"
456;1;4;"Wisoky and Sons";0;"plum";"Recycled"
457;1;4;"Gutkowski Group";0;"sky blue";"Incredible"
458;5;2;"Lehner, Paucek and Brown";0;"sky blue";"Incredible"
459;5;0;"Tillman Inc";1;"orchid";"Fantastic"
460;5;0;"Pagac, Hagenes and McGlynn";1;"purple";"Small"
461;3;4;"Paucek LLC";1;"maroon";"Practical"
462;2;2;"Luettgen, King and Schamberger";1;"lavender";"Ergonomic"
463;2;1;"Anderson and Sons";1;"orange";"Intelligent"
464;0;3;"Little - Cremin";1;"purple";"Practical"
465;5;5;"Harris LLC";1;"magenta";"Electronic"
466;0;5;"Lueilwitz - Koelpin";1;"grey";"Licensed"
467;5;0;"Fadel LLC";0;"indigo";"Intelligent"
468;1;4;"Heathcote - Grady";0;"mint green";"Awesome"
469;4;3;"Robel Inc";1;"sky blue";"Bespoke"
470;2;2;"Hartmann LLC";0;"orange";"Awesome"
471;1;4;"Vandervort Inc";1;"olive";"Awesome"
472;4;2;"Little - Bahringer";1;"purple";"Handmade"
473;3;2;"Raynor - Hauck";0;"olive";"Intelligent"
474;4;2;"Hoeger - Hackett";1;"red";"Ergonomic"
475;1;4;"Blanda - Zulauf";1;"plum";"Incredible"
476;5;3;"Leannon - Kuphal";0;"purple";"Modern"
477;4;2;"Weimann Inc";1;"green";"Incredible"
478;5;3;"Marks Group";1;"indigo";"Gorgeous"
479;3;0;"Lockman LLC";1;"magenta";"Refined"
480;1;4;"MacGyver - Keeling";1;"cyan";"Ergonomic"
481;5;0;"DuBuque Group";1;"tan";"Rustic"
482;4;1;"Gutmann Group";0;"green";"Sleek"
483;4;2;"Rempel, Carroll and Metz";1;"mint green";"Ergonomic"
484;5;5;"Doyle, Franey and Wiza";1;"violet";"Awesome"
485;1;4;"Crona - Nikolaus";1;"indigo";"Sleek"
486;1;1;"Blanda, Kozey and Gutkowski";1;"cyan";"Intelligent"
487;5;3;"Maggio - Torp";1;"teal";"Practical"
488;0;1;"Cummerata Inc";0;"fuchsia";"Generic"
489;5;4;"Graham, Runte and Boyer";0;"salmon";"Awesome"
490;1;1;"Ortiz - Hodkiewicz";1;"ivory";"Luxurious"
491;3;0;"Heaney Inc";1;"turquoise";"Electronic"
492;1;0;"Champlin - Murphy";0;"violet";"Small"
493;0;2;"Yost, West and Lockman";0;"lime";"Elegant"
494;1;1;"Herzog Group";0;"orchid";"Elegant"
495;3;1;"Von - Koss";0;"orange";"Handcrafted"
496;4;4;"Erdman - Brown";0;"orchid";"Electronic"
497;0;2;"Satterfield - Herman";0;"grey";"Gorgeous"
498;2;4;"Bergstrom, Adams and Krajcik";1;"teal";"Luxurious"
499;3;4;"Langosh Inc";1;"maroon";"Awesome"
500;1;4;"Kunde, Jerde and Wintheiser";1;"mint green";"Awesome"
501;2;1;"Schneider - Mayer";0;"yellow";"Luxurious"
502;2;1;"Thompson, Langworth and Marquardt";0;"plum";"Intelligent"
503;4;4;"Johnson LLC";1;"cyan";"Elegant"
504;1;2;"Harvey Group";1;"lavender";"Generic"
505;0;3;"Ledner, Corwin and Fisher";0;"mint green";"Intelligent"
506;1;0;"Kuhlman - Huels";0;"grey";"Recycled"
507;4;5;"Rodriguez Inc";0;"white";"Electronic"
508;1;0;"Batz, Gottlieb and Moore";1;"orchid";"Recycled"
509;4;0;"Wilderman, Cronin and Cummings";0;"teal";"Licensed"
510;0;3;"Schmitt, Nikolaus and O'Kon";0;"orange";"Refined"
511;1;2;"Jacobs - Reinger";1;"turquoise";"Licensed"
512;0;0;"Hauck - Jones";1;"teal";"Generic"
513;1;4;"Considine - Wisozk";0;"silver";"Sleek"
514;5;3;"Vandervort, Ratke and Nikolaus";1;"teal";"Ergonomic"
515;5;4;"Roberts Group";0;"black";"Elegant"
516;2;2;"Luettgen - Blanda";0;"grey";"Electronic"
517;1;5;"Jacobi, Smitham and Balistreri";1;"ivory";"Rustic"
518;2;1;"Frami - Hoppe";1;"turquoise";"Tasty"
519;3;2;"Dooley, Osinski and Upton";0;"tan";"Gorgeous"
520;1;0;"Hettinger LLC";1;"turquoise";"Unbranded"
521;4;0;"Senger LLC";1;"tan";"Fantastic"
522;5;5;"Stark, Powlowski and Friesen";1;"yellow";"Fantastic"
523;5;5;"Ritchie - Collins";1;"red";"Rustic"
524;4;2;"Jones and Sons";0;"tan";"Modern"
525;1;1;"Treutel LLC";0;"turquoise";"Refined"
526;5;4;"Kovacek, Lueilwitz and Feest";1;"gold";"Electronic"
527;0;3;"Gutmann LLC";0;"tan";"Intelligent"
528;4;2;"Olson LLC";1;"orange";"Small"
529;0;4;"Fadel - Reichel";1;"purple";"Practical"
530;1;4;"Herman - Lesch";0;"tan";"Elegant"
531;4;5;"Ratke Inc";1;"lavender";"Recycled"
532;5;5;"Yost and Sons";0;"lime";"Ergonomic"
533;1;2;"Ruecker, Heathcote and Jerde";0;"lavender";"Handcrafted"
534;0;5;"Koss - Harris";1;"olive";"Modern"
535;4;5;"Predovic, Treutel and Howe";1;"lime";"Modern"
536;4;3;"Gerhold - Marks";1;"purple";"Practical"
537;4;2;"Quigley, Stokes and Mosciski";0;"sky blue";"Generic"
538;5;1;"Heidenreich Inc";1;"lime";"Bespoke"
539;4;3;"Ruecker Inc";1;"black";"Generic"
540;0;3;"Ebert LLC";1;"silver";"Oriental"
541;1;1;"Adams - Cronin";1;"olive";"Luxurious"
542;0;0;"Harber - Bernhard";1;"lavender";"Licensed"
543;3;3;"Littel, Rau and Rutherford";1;"salmon";"Bespoke"
544;0;5;"Turner Group";0;"silver";"Electronic"
545;2;2;"Brekke, Bernhard and Klein";1;"olive";"Oriental"
546;4;2;"Hansen Group";1;"azure";"Bespoke"
547;5;3;"Morissette, Ratke and Gleichner";0;"teal";"Tasty"
548;5;1;"O'Connell Inc";0;"magenta";"Ergonomic"
549;4;4;"Kuvalis - Greenfelder";0;"teal";"Elegant"
550;4;4;"Morissette LLC";1;"lime";"Awesome"
551;1;1;"Littel, Goodwin and Hoeger";0;"purple";"Luxurious"
552;1;5;"Runolfsson, Lesch and Mertz";1;"lavender";"Oriental"
553;4;0;"Stark, Fisher and Auer";1;"azure";"Refined"
554;2;0;"Reichel Group";0;"turquoise";"Handcrafted"
555;1;1;"Gerhold, Bergnaum and Hessel";0;"red";"Handmade"
556;3;5;"Oberbrunner - Wunsch";1;"orange";"Unbranded"
557;1;0;"Gutkowski - Ernser";1;"yellow";"Rustic"
558;5;5;"Hodkiewicz, Gibson and Hermiston";1;"olive";"Rustic"
559;0;5;"Ledner - Baumbach";1;"gold";"Modern"
560;1;1;"Medhurst Group";1;"gold";"Awesome"
561;4;5;"Windler, Swaniawski and Yost";0;"purple";"Rustic"
562;1;1;"Morar - Waelchi";1;"magenta";"Handcrafted"
563;2;4;"Douglas - Lindgren";1;"yellow";"Small"
564;5;4;"Senger LLC";1;"orchid";"Gorgeous"
565;1;2;"Mills and Sons";1;"blue";"Electronic"
566;3;4;"Murazik, Gleichner and D'Amore";0;"magenta";"Unbranded"
567;0;3;"Hamill LLC";1;"orange";"Tasty"
568;2;2;"Jacobson, Douglas and Schmeler";0;"grey";"Intelligent"
569;2;4;"Jerde LLC";0;"blue";"Sleek"
570;2;2;"Glover - Davis";0;"silver";"Recycled"
571;1;1;"Kling LLC";0;"ivory";"Unbranded"
572;5;4;"Fay and Sons";1;"orchid";"Recycled"
573;4;2;"Stracke - Swift";1;"lavender";"Fantastic"
574;5;3;"Batz, Dickens and Runte";1;"teal";"Handmade"
575;0;0;"Rodriguez, Legros and Rau";0;"maroon";"Unbranded"
576;4;1;"D'Amore LLC";1;"black";"Licensed"
577;3;3;"Schroeder and Sons";0;"turquoise";"Luxurious"
578;0;2;"Heaney - Rohan";0;"teal";"Unbranded"
579;3;2;"Ondricka, Batz and Larkin";1;"silver";"Unbranded"
580;3;5;"Nader - Schaden";0;"olive";"Refined"
581;4;4;"Mann Inc";0;"fuchsia";"Modern"
582;0;4;"Borer Inc";0;"white";"Bespoke"
583;0;3;"Lehner LLC";1;"yellow";"Practical"
584;5;4;"Toy - Leuschke";0;"olive";"Gorgeous"
585;2;0;"Tillman - Cremin";1;"sky blue";"Licensed"
586;3;5;"Legros Inc";1;"turquoise";"Tasty"
587;5;1;"Donnelly - Glover";1;"grey";"Awesome"
588;2;1;"Schumm, Stark and Paucek";1;"cyan";"Recycled"
589;5;1;"Powlowski, Corwin and Gleason";0;"yellow";"Generic"
590;4;1;"Cremin, Pagac and Russel";1;"tan";"Sleek"
591;4;3;"Franey Group";0;"cyan";"Generic"
592;3;2;"Weber - Hamill";1;"plum";"Ergonomic"
593;2;3;"Runolfsson, Bechtelar and Simonis";1;"magenta";"Electronic"
594;0;3;"Kozey Inc";1;"sky blue";"Recycled"
595;3;4;"Kassulke - Johnston";1;"white";"Recycled"
596;2;1;"Cummerata - Sawayn";0;"plum";"Licensed"
597;4;5;"Runte - Heller";1;"orchid";"Practical"
598;0;4;"Stamm - Gusikowski";1;"orange";"Awesome"
599;5;4;"Powlowski, Hilpert and Gerlach";1;"maroon";"Gorgeous"
600;3;1;"Feeney, Okuneva and Moore";1;"violet";"Recycled"
601;2;5;"Frami, Paucek and Beahan";1;"olive";"Oriental"
602;4;3;"Blick - Yost";1;"silver";"Incredible"
603;3;1;"Parker - Cremin";0;"ivory";"Unbranded"
604;4;5;"Grady and Sons";1;"plum";"Gorgeous"
605;0;4;"Dicki - Breitenberg";1;"olive";"Fantastic"
606;1;4;"Trantow - Miller";1;"plum";"Fantastic"
607;3;4;"Schuster - Koss";1;"indigo";"Rustic"
608;3;2;"Hilll, Kohler and Kemmer";0;"orchid";"Sleek"
609;2;2;"McClure - Dare";0;"white";"Generic"
610;5;4;"Dach - Witting";1;"cyan";"Practical"
611;1;5;"O'Kon - Kilback";0;"olive";"Luxurious"
612;0;0;"Corkery - Miller";1;"yellow";"Gorgeous"
613;2;2;"Collins and Sons";0;"maroon";"Elegant"
614;0;0;"Simonis Group";1;"tan";"Incredible"
615;5;5;"Orn Group";0;"cyan";"Bespoke"
616;0;5;"O'Reilly - Bruen";1;"plum";"Sleek"
617;3;5;"Kuhlman, Kerluke and Trantow";0;"silver";"Generic"
618;2;5;"Metz, Nikolaus and Lebsack";0;"magenta";"Awesome"
619;4;1;"Gerlach, Lehner and Stanton";0;"white";"Luxurious"
620;2;2;"Sawayn and Sons";0;"purple";"Electronic"
621;0;4;"Moen, Hansen and Champlin";0;"blue";"Incredible"
622;3;3;"Kiehn - Lang";0;"teal";"Practical"
623;5;2;"Considine - Abbott";0;"orchid";"Tasty"
624;0;2;"Kunde, Langworth and Farrell";0;"blue";"Bespoke"
625;1;1;"Marks, McKenzie and Stehr";1;"sky blue";"Luxurious"
626;2;0;"Shields and Sons";0;"teal";"Electronic"
627;3;1;"Lindgren Group";1;"ivory";"Refined"
628;4;1;"Hirthe, Ryan and Hettinger";1;"azure";"Awesome"
629;0;4;"Jacobson Group";0;"purple";"Practical"
630;2;0;"Schulist, Weber and Moore";1;"tan";"Luxurious"
631;5;4;"Johns Group";0;"cyan";"Incredible"
632;0;1;"Skiles - Ritchie";0;"orange";"Small"
633;1;1;"Turcotte - Will";0;"lime";"Generic"
634;4;0;"Kessler and Sons";0;"black";"Gorgeous"
635;2;4;"Aufderhar, Schroeder and Lemke";0;"ivory";"Electronic"
636;4;4;"Gislason Inc";0;"blue";"Rustic"
637;0;0;"Schultz, Wehner and Mayert";1;"olive";"Rustic"
638;0;3;"Gleichner - Langworth";1;"pink";"Intelligent"
639;2;3;"Sipes - Stoltenberg";1;"green";"Ergonomic"
640;1;3;"Leffler - Wolf";0;"violet";"Sleek"
641;3;0;"Maggio Inc";1;"pink";"Sleek"
642;1;2;"Hyatt Inc";1;"sky blue";"Practical"
643;5;0;"Kovacek - Schoen";1;"sky blue";"Small"
644;1;4;"Wilkinson, Gutkowski and Farrell";0;"cyan";"Luxurious"
645;1;4;"Purdy, Gerlach and O'Connell";1;"orchid";"Handmade"
646;0;5;"Grady - Denesik";0;"teal";"Gorgeous"
647;5;0;"Schumm, Fisher and Zulauf";0;"ivory";"Tasty"
648;5;2;"Grady - Bashirian";1;"azure";"Incredible"
649;1;3;"Lakin - Marquardt";0;"lime";"Ergonomic"
650;3;2;"Vandervort - Quitzon";1;"silver";"Handcrafted"
651;1;2;"Bode - Gottlieb";0;"teal";"Small"
652;0;5;"Borer - Heller";1;"ivory";"Rustic"
653;2;3;"Hackett - Schoen";0;"cyan";"Licensed"
654;3;1;"Rutherford - Jacobs";0;"tan";"Fantastic"
655;1;4;"Bosco - Feeney";0;"salmon";"Ergonomic"
656;2;4;"Buckridge, Rolfson and Effertz";1;"black";"Elegant"
657;5;2;"Stokes, Larson and Cassin";0;"orange";"Fantastic"
658;0;3;"Wilderman Group";0;"gold";"Refined"
659;1;3;"Borer Group";1;"silver";"Elegant"
660;3;1;"Gusikowski - Hilpert";0;"pink";"Incredible"
661;0;3;"Funk LLC";0;"magenta";"Electronic"
662;1;3;"Toy Group";0;"gold";"Fantastic"
663;5;5;"Mertz, Brakus and Kutch";1;"cyan";"Gorgeous"
664;0;1;"Miller Inc";1;"pink";"Incredible"
665;0;2;"Shanahan, Larkin and Lakin";1;"plum";"Unbranded"
666;1;2;"Osinski and Sons";1;"white";"Sleek"
667;2;1;"Langosh, O'Keefe and Mertz";1;"violet";"Sleek"
668;3;3;"Carroll, Rutherford and Jacobi";0;"grey";"Oriental"
669;2;5;"Hane - Mann";1;"black";"Practical"
670;5;1;"Rau and Sons";1;"green";"Incredible"
671;4;3;"Gulgowski and Sons";1;"green";"Small"
672;2;1;"Stoltenberg, Cremin and Daniel";0;"plum";"Refined"
673;4;5;"Cremin LLC";0;"purple";"Unbranded"
674;4;4;"Rohan - Hilpert";0;"purple";"Ergonomic"
675;4;1;"Sauer and Sons";0;"salmon";"Sleek"
676;2;2;"Douglas - Will";1;"sky blue";"Electronic"
677;5;2;"Paucek, Davis and Heidenreich";0;"tan";"Ergonomic"
678;5;5;"Kihn - Bins";1;"magenta";"Small"
679;3;2;"Smith - Kerluke";1;"azure";"Tasty"
680;4;4;"Heathcote - Gusikowski";0;"sky blue";"Ergonomic"
681;2;5;"Predovic and Sons";0;"orchid";"Handmade"
682;3;3;"Hoeger LLC";0;"azure";"Awesome"
683;5;5;"Bins - Fadel";1;"green";"Generic"
684;4;0;"Rohan, Heathcote and Tremblay";0;"ivory";"Electronic"
685;5;4;"Olson, Dach and Williamson";1;"red";"Practical"
686;4;4;"Hintz Inc";1;"cyan";"Ergonomic"
687;3;0;"Kilback, Ruecker and Little";0;"plum";"Luxurious"
688;2;1;"Turcotte, Reichel and Wiegand";0;"indigo";"Licensed"
689;0;4;"Vandervort Group";0;"magenta";"Bespoke"
690;4;0;"O'Hara - Renner";1;"pink";"Luxurious"
691;4;2;"Zemlak LLC";1;"olive";"Intelligent"
692;2;5;"Wisoky Group";1;"lime";"Ergonomic"
693;0;3;"Kreiger, Batz and Rath";0;"olive";"Incredible"
694;5;2;"Kris, Hagenes and Paucek";0;"magenta";"Tasty"
695;5;0;"Jones - Herzog";0;"tan";"Sleek"
696;4;0;"Weimann - Conn";1;"pink";"Sleek"
697;3;5;"VonRueden, Bins and Johnson";1;"mint green";"Incredible"
698;5;4;"Champlin, Haag and Waters";0;"yellow";"Handmade"
699;2;5;"Paucek Group";1;"orchid";"Rustic"
700;0;0;"Harber - Morar";0;"fuchsia";"Incredible"
701;3;4;"Kirlin - Armstrong";1;"teal";"Luxurious"
702;0;2;"Leffler - Powlowski";1;"teal";"Handmade"
703;0;2;"Collier, Olson and Cormier";1;"turquoise";"Fantastic"
704;1;0;"Willms - Hessel";0;"blue";"Intelligent"
705;0;5;"Schulist, Abbott and Ebert";0;"orange";"Handcrafted"
706;0;0;"Ratke - Miller";0;"azure";"Oriental"
707;0;4;"Homenick - Deckow";1;"silver";"Sleek"
708;4;4;"Beahan and Sons";0;"lime";"Unbranded"
709;4;2;"Nitzsche Group";0;"azure";"Elegant"
710;5;5;"Goodwin Group";1;"green";"Ergonomic"
711;1;1;"Schimmel Inc";1;"silver";"Handmade"
712;1;4;"Stamm - Beatty";1;"maroon";"Incredible"
713;2;2;"Smitham, Langosh and Feil";1;"grey";"Gorgeous"
714;3;5;"Hahn - Hand";1;"red";"Sleek"
715;4;4;"DuBuque - Pouros";0;"ivory";"Gorgeous"
716;3;2;"Lockman - Runolfsson";1;"ivory";"Tasty"
717;2;3;"Raynor, Howell and Bergstrom";0;"white";"Ergonomic"
718;4;0;"Dibbert, Block and Skiles";0;"tan";"Sleek"
719;1;0;"Fay - Zulauf";1;"green";"Generic"
720;4;0;"Jacobson - Franey";1;"orchid";"Incredible"
721;1;2;"Schuster, Trantow and Gottlieb";1;"tan";"Refined"
722;5;0;"Walter - Torphy";1;"teal";"Ergonomic"
723;5;3;"Schaden - Blanda";0;"cyan";"Handmade"
724;3;0;"Howe LLC";0;"black";"Gorgeous"
725;1;3;"Dicki, Wuckert and Cruickshank";1;"magenta";"Modern"
726;5;5;"Turner and Sons";0;"magenta";"Awesome"
727;2;2;"Baumbach - Nicolas";1;"azure";"Tasty"
728;2;5;"Spencer - Glover";1;"magenta";"Handmade"
729;3;0;"Haley - MacGyver";1;"grey";"Handcrafted"
730;4;2;"Wolff Group";1;"grey";"Elegant"
731;1;3;"Gorczany Inc";1;"blue";"Small"
732;5;0;"Zieme - Haag";1;"magenta";"Oriental"
733;4;1;"Paucek Group";0;"teal";"Bespoke"
734;5;0;"Grant, Rath and Hirthe";1;"turquoise";"Awesome"
735;3;4;"Glover - Morissette";0;"orange";"Recycled"
736;0;4;"Jacobson LLC";1;"yellow";"Gorgeous"
737;1;1;"Runolfsson Group";0;"sky blue";"Electronic"
738;2;0;"Walsh LLC";0;"violet";"Unbranded"
739;5;0;"Effertz - Kuphal";1;"sky blue";"Small"
740;4;5;"Bechtelar - Lubowitz";1;"fuchsia";"Modern"
741;1;2;"Rogahn, Wunsch and Beatty";0;"orange";"Ergonomic"
742;2;1;"Dach - Powlowski";1;"lime";"Sleek"
743;3;0;"Carter - Bogan";1;"salmon";"Electronic"
744;2;2;"Zemlak LLC";1;"black";"Practical"
745;1;2;"Daniel and Sons";1;"orchid";"Oriental"
746;3;1;"Monahan, Schinner and VonRueden";0;"pink";"Intelligent"
747;3;5;"Lemke - Reynolds";1;"black";"Practical"
748;3;1;"Johnson LLC";1;"tan";"Intelligent"
749;0;0;"Frami - Gislason";1;"cyan";"Bespoke"
750;0;5;"Stokes LLC";1;"silver";"Licensed"
751;4;0;"Conroy Group";0;"ivory";"Recycled"
752;0;2;"Beahan - Kertzmann";1;"lime";"Practical"
753;3;1;"Tillman - Rath";1;"magenta";"Refined"
754;0;3;"Kohler, Herzog and Kihn";1;"green";"Tasty"
755;5;3;"Cormier - Wunsch";0;"magenta";"Practical"
756;2;4;"Kulas Group";1;"yellow";"Ergonomic"
757;2;0;"Ryan - Sanford";1;"grey";"Sleek"
758;2;0;"Bogan - Roberts";0;"ivory";"Small"
759;1;1;"Harber - Ondricka";1;"silver";"Awesome"
760;2;5;"Huels LLC";0;"pink";"Awesome"
761;5;2;"O'Connell, Treutel and Trantow";0;"salmon";"Ergonomic"
762;1;0;"Dach, Glover and Carter";1;"sky blue";"Unbranded"
763;3;2;"Johns Group";1;"silver";"Bespoke"
764;1;2;"Feeney Group";0;"olive";"Fantastic"
765;4;4;"Stiedemann and Sons";0;"green";"Modern"
766;2;3;"Volkman - Wisozk";1;"purple";"Fantastic"
767;4;3;"Denesik - Muller";1;"mint green";"Handcrafted"
768;5;0;"Vandervort, Abbott and Olson";1;"tan";"Incredible"
769;3;4;"Stracke Group";1;"lime";"Modern"
770;4;3;"Brown LLC";1;"lavender";"Incredible"
771;1;3;"Terry - Ruecker";0;"azure";"Sleek"
772;1;1;"Walker, Schuster and Murray";0;"tan";"Sleek"
773;5;3;"Macejkovic, Halvorson and Moore";1;"tan";"Incredible"
774;3;3;"Mante Inc";0;"maroon";"Rustic"
775;1;3;"Pfeffer Inc";0;"violet";"Electronic"
776;0;4;"Pfannerstill, Torphy and Schiller";1;"black";"Small"
777;0;5;"Berge - Stark";0;"tan";"Oriental"
778;1;2;"Satterfield - Wunsch";1;"black";"Electronic"
779;0;0;"Mayer - Yundt";1;"red";"Fantastic"
780;5;5;"Runte - Schulist";1;"white";"Rustic"
781;4;1;"McCullough LLC";0;"turquoise";"Handmade"
782;5;5;"Baumbach Inc";1;"silver";"Rustic"
783;1;0;"Labadie - Weissnat";0;"lavender";"Small"
784;5;4;"Barrows and Sons";1;"green";"Gorgeous"
785;3;5;"Nolan - Tromp";0;"salmon";"Luxurious"
786;0;0;"Walker, Dickens and Welch";1;"white";"Small"
787;2;0;"Gerlach - Wunsch";1;"azure";"Handmade"
788;5;3;"Feil LLC";1;"silver";"Tasty"
789;3;0;"Howe LLC";1;"purple";"Unbranded"
790;5;5;"Brown Inc";0;"yellow";"Practical"
791;4;4;"Tillman - Gusikowski";1;"pink";"Awesome"
792;1;1;"Carter - Rowe";1;"grey";"Bespoke"
793;3;0;"Runolfsson - Lang";0;"mint green";"Awesome"
794;0;2;"Lueilwitz - Baumbach";0;"orange";"Elegant"
795;0;3;"Schuppe - Ankunding";1;"gold";"Fantastic"
796;5;3;"Abbott, Rodriguez and Rosenbaum";0;"sky blue";"Fantastic"
797;4;3;"Kihn - Hackett";1;"turquoise";"Unbranded"
798;5;4;"Koepp, Ryan and Macejkovic";0;"orchid";"Incredible"
799;0;5;"Frami Inc";0;"black";"Handcrafted"
800;2;4;"Jaskolski, White and Orn";0;"magenta";"Sleek"
801;1;1;"Goodwin, Heaney and Prosacco";1;"orchid";"Bespoke"
802;3;5;"Schneider Group";0;"indigo";"Unbranded"
803;5;3;"Lakin, Mueller and Howe";1;"green";"Gorgeous"
804;1;4;"Thiel, Schmitt and Block";0;"sky blue";"Generic"
805;5;0;"Kovacek LLC";1;"grey";"Unbranded"
806;1;1;"Larson, Bogisich and Kuhn";1;"gold";"Bespoke"
807;5;3;"O'Kon, Ankunding and Schimmel";0;"orange";"Small"
808;2;1;"Abernathy, VonRueden and Marks";0;"olive";"Tasty"
809;0;2;"Langworth, Ebert and Armstrong";0;"violet";"Licensed"
810;1;3;"Pouros LLC";1;"indigo";"Small"
811;0;1;"Hermann Inc";0;"ivory";"Sleek"
812;2;3;"Sauer LLC";0;"mint green";"Bespoke"
813;5;5;"Monahan - Gutmann";1;"white";"Recycled"
814;5;5;"Kertzmann, Lehner and Cartwright";0;"plum";"Handcrafted"
815;4;1;"Boehm - Casper";1;"azure";"Elegant"
816;0;5;"Wolff Group";0;"green";"Modern"
817;4;0;"Bradtke - Thompson";0;"ivory";"Electronic"
818;4;2;"Wolf Group";1;"violet";"Modern"
819;0;0;"Hintz - Schumm";1;"teal";"Awesome"
820;5;2;"Ruecker - McKenzie";1;"black";"Intelligent"
821;0;4;"Purdy and Sons";0;"fuchsia";"Small"
822;5;5;"Zboncak, Schaden and Mertz";0;"gold";"Luxurious"
823;5;5;"Kub, Durgan and Kutch";0;"sky blue";"Fantastic"
824;4;4;"Wyman Group";1;"ivory";"Tasty"
825;4;1;"Hettinger LLC";0;"red";"Oriental"
826;2;4;"Walter Inc";1;"lime";"Incredible"
827;0;5;"McClure, Heidenreich and Wisozk";0;"pink";"Unbranded"
828;4;5;"Boehm - Reynolds";0;"blue";"Oriental"
829;3;1;"Bahringer, Balistreri and Zemlak";0;"lime";"Incredible"
830;5;5;"Aufderhar - Collins";1;"maroon";"Tasty"
831;5;2;"Ritchie, Schiller and Hammes";0;"mint green";"Incredible"
832;0;2;"Volkman - Cassin";0;"blue";"Handmade"
833;0;0;"Hoppe, Lowe and Stracke";0;"ivory";"Awesome"
834;3;2;"Quigley, Bauch and Runolfsdottir";1;"green";"Awesome"
835;0;1;"Roob LLC";1;"indigo";"Incredible"
836;4;3;"Heathcote - Hirthe";0;"silver";"Handcrafted"
837;4;3;"Casper - Zboncak";1;"red";"Incredible"
838;0;5;"Treutel - Turner";1;"purple";"Oriental"
839;4;0;"Kuhn Group";1;"white";"Fantastic"
840;3;3;"Breitenberg and Sons";0;"indigo";"Incredible"
841;5;0;"Bechtelar - Ullrich";1;"teal";"Licensed"
842;3;5;"Lakin Group";0;"purple";"Refined"
843;5;2;"Lindgren, Reilly and Ullrich";1;"ivory";"Generic"
844;3;5;"Green and Sons";1;"pink";"Recycled"
845;0;2;"Durgan LLC";1;"salmon";"Gorgeous"
846;5;3;"Daugherty - Rodriguez";1;"pink";"Electronic"
847;1;3;"Littel Inc";1;"mint green";"Unbranded"
848;2;4;"Will - Tromp";0;"violet";"Small"
849;0;1;"Satterfield Inc";0;"gold";"Unbranded"
850;0;0;"Bergstrom and Sons";1;"magenta";"Tasty"
851;2;2;"Batz - Gleichner";1;"violet";"Rustic"
852;1;3;"Jones Inc";0;"grey";"Small"
853;2;4;"Hoppe - King";0;"green";"Awesome"
854;5;3;"Bernhard - Murray";1;"gold";"Unbranded"
855;4;2;"Ortiz, Feeney and Stokes";1;"lavender";"Bespoke"
856;1;0;"Zulauf LLC";0;"mint green";"Oriental"
857;2;5;"Skiles and Sons";1;"azure";"Oriental"
858;5;3;"Rice and Sons";1;"pink";"Tasty"
859;0;4;"Ritchie, Watsica and Collier";1;"lavender";"Modern"
860;1;4;"Cassin - Daniel";1;"grey";"Fantastic"
861;0;0;"VonRueden Inc";1;"blue";"Elegant"
862;4;3;"Parker LLC";0;"fuchsia";"Small"
863;5;3;"Keeling, DuBuque and Keeling";1;"violet";"Licensed"
864;3;5;"Kling, VonRueden and Dooley";1;"maroon";"Recycled"
865;4;4;"Hermann, Carter and Cronin";1;"tan";"Rustic"
866;4;2;"Treutel LLC";0;"salmon";"Handcrafted"
867;1;4;"Wisoky, Christiansen and Lowe";0;"lavender";"Refined"
868;5;1;"Cronin - Reichel";1;"violet";"Recycled"
869;5;4;"Gerhold, Brakus and Conn";0;"maroon";"Handcrafted"
870;1;0;"Walsh - Willms";1;"azure";"Intelligent"
871;4;5;"Rice LLC";0;"olive";"Luxurious"
872;1;4;"Wolf - Sawayn";0;"olive";"Elegant"
873;1;3;"Huel - Grant";0;"fuchsia";"Elegant"
874;3;2;"Friesen - Weissnat";1;"purple";"Elegant"
875;2;1;"Beahan - Bayer";0;"mint green";"Practical"
876;3;5;"White, Runolfsdottir and Little";1;"turquoise";"Handmade"
877;4;0;"Abernathy, Kassulke and Beer";1;"olive";"Licensed"
878;0;3;"Ferry - McCullough";1;"lime";"Fantastic"
879;4;4;"Hyatt - Fahey";1;"violet";"Luxurious"
880;4;1;"Gleichner, Schultz and Kunde";1;"salmon";"Handmade"
881;5;2;"Schmeler - King";1;"indigo";"Intelligent"
882;2;3;"Bailey Group";0;"sky blue";"Handcrafted"
883;2;3;"Corwin - McCullough";1;"plum";"Sleek"
884;0;3;"Beatty - Steuber";0;"ivory";"Modern"
885;4;1;"Auer, Beer and Bogisich";0;"mint green";"Luxurious"
886;0;4;"Okuneva, Rogahn and Leffler";1;"white";"Small"
887;5;5;"Swift - Sipes";1;"pink";"Sleek"
888;2;5;"Greenfelder and Sons";0;"lime";"Fantastic"
889;1;5;"Kuhic - Mayer";0;"red";"Handcrafted"
890;5;1;"Aufderhar and Sons";0;"indigo";"Refined"
891;4;5;"Johnson - Murazik";1;"blue";"Rustic"
892;2;5;"Lynch - McCullough";1;"lavender";"Luxurious"
893;5;3;"Wilkinson, Kutch and Cole";1;"white";"Generic"
894;1;3;"Sauer - Okuneva";0;"yellow";"Ergonomic"
895;5;0;"Kshlerin - Schumm";1;"white";"Sleek"
896;3;2;"McKenzie, Hoeger and Walsh";1;"olive";"Electronic"
897;0;4;"Ziemann - Watsica";1;"grey";"Intelligent"
898;1;0;"Collins - Zulauf";1;"indigo";"Practical"
899;3;5;"Balistreri Group";0;"violet";"Fantastic"
900;5;4;"Kuphal, Dietrich and Upton";1;"white";"Rustic"
901;1;0;"Reichel Inc";0;"turquoise";"Bespoke"
902;4;3;"Zulauf, Kihn and Schroeder";1;"maroon";"Oriental"
903;1;3;"Cole - Gislason";1;"grey";"Oriental"
904;0;3;"Heller Group";1;"cyan";"Luxurious"
905;3;2;"Maggio and Sons";0;"red";"Electronic"
906;4;5;"Ziemann LLC";1;"turquoise";"Handcrafted"
907;0;2;"Hoeger, Pouros and Schroeder";1;"fuchsia";"Unbranded"
908;1;1;"Koch - Morar";0;"yellow";"Licensed"
909;5;3;"Bogan - Russel";1;"azure";"Generic"
910;4;3;"Gusikowski - Ebert";1;"orange";"Small"
911;2;3;"Medhurst, Feeney and Ratke";0;"purple";"Unbranded"
912;0;5;"Nader and Sons";0;"plum";"Handcrafted"
913;5;3;"Bergnaum - Okuneva";1;"orchid";"Electronic"
914;3;0;"Kunde, Gislason and Luettgen";0;"olive";"Luxurious"
915;4;0;"Lemke LLC";1;"maroon";"Fantastic"
916;0;4;"Weimann - Dooley";1;"pink";"Handcrafted"
917;4;1;"Graham - Kutch";0;"lime";"Generic"
918;2;5;"Collier and Sons";1;"lime";"Ergonomic"
919;2;2;"Mann - Streich";0;"white";"Awesome"
920;0;3;"Grimes, Murray and Kautzer";1;"grey";"Refined"
921;5;3;"Breitenberg, Goldner and Hansen";1;"sky blue";"Incredible"
922;3;0;"Lindgren - Considine";0;"teal";"Rustic"
923;5;3;"Doyle, Cole and Mayer";1;"silver";"Recycled"
924;1;2;"Corwin, Schultz and Grant";1;"lavender";"Gorgeous"
925;5;3;"Dicki LLC";0;"pink";"Rustic"
926;1;4;"Quigley, Buckridge and Smitham";0;"pink";"Practical"
927;1;0;"Abbott Inc";0;"blue";"Practical"
928;0;2;"Rutherford, Boehm and Raynor";0;"green";"Gorgeous"
929;4;5;"Yost - Bode";1;"blue";"Incredible"
930;4;1;"Pfeffer - O'Hara";0;"red";"Handmade"
931;2;1;"Erdman and Sons";1;"pink";"Bespoke"
932;0;5;"O'Kon, Conn and Bosco";0;"pink";"Gorgeous"
933;1;3;"Bahringer Group";0;"magenta";"Oriental"
934;3;0;"Raynor - Johnson";1;"azure";"Tasty"
935;5;5;"Beier LLC";0;"plum";"Generic"
936;1;3;"Kris - Moen";0;"teal";"Handcrafted"
937;4;2;"D'Amore - Quitzon";0;"maroon";"Rustic"
938;0;3;"Bailey, Gibson and Gusikowski";1;"maroon";"Awesome"
939;1;0;"Bradtke, Murray and Gleichner";0;"sky blue";"Elegant"
940;2;4;"Gusikowski, Kirlin and Gibson";0;"violet";"Unbranded"
941;3;2;"Buckridge - Lubowitz";1;"sky blue";"Small"
942;4;0;"Altenwerth - Schiller";1;"red";"Unbranded"
943;5;1;"Kling LLC";0;"olive";"Rustic"
944;4;4;"Bergnaum Inc";0;"lavender";"Oriental"
945;2;5;"Mitchell - Beahan";1;"azure";"Licensed"
946;2;2;"Kovacek Inc";0;"silver";"Gorgeous"
947;2;3;"Wilkinson LLC";1;"violet";"Generic"
948;5;5;"Jacobson LLC";1;"teal";"Intelligent"
949;1;1;"Abshire Inc";0;"tan";"Generic"
950;2;3;"Stiedemann, Abernathy and Cruickshank";1;"ivory";"Practical"
951;0;5;"Doyle LLC";0;"purple";"Unbranded"
952;5;0;"Stracke, Bayer and Crist";1;"black";"Gorgeous"
953;1;0;"Corkery and Sons";1;"teal";"Recycled"
954;2;0;"Mitchell, Gottlieb and Runte";1;"olive";"Oriental"
955;4;5;"Tillman and Sons";1;"tan";"Refined"
956;3;5;"Bashirian - VonRueden";0;"magenta";"Oriental"
957;0;0;"Deckow and Sons";0;"silver";"Licensed"
958;2;3;"Kunze - Emard";0;"fuchsia";"Small"
959;1;2;"Larson Inc";0;"mint green";"Ergonomic"
960;0;5;"Hirthe, Brekke and Kreiger";0;"teal";"Luxurious"
961;2;2;"Herman - Marquardt";1;"blue";"Electronic"
962;5;5;"Lueilwitz Group";1;"maroon";"Small"
963;4;4;"Grady, Upton and Wunsch";1;"violet";"Fantastic"
964;1;2;"Metz - Schiller";0;"orange";"Refined"
965;1;2;"Rogahn LLC";0;"red";"Refined"
966;3;0;"Mohr - Lynch";1;"orange";"Small"
967;2;5;"Paucek LLC";0;"yellow";"Bespoke"
968;4;4;"Leffler - Fadel";0;"silver";"Awesome"
969;4;1;"Jakubowski and Sons";0;"teal";"Tasty"
970;1;0;"Mitchell - Senger";1;"mint green";"Sleek"
971;0;0;"Kunde - Steuber";0;"fuchsia";"Refined"
972;0;0;"Wisoky Group";1;"plum";"Generic"
973;3;0;"Ullrich, Bosco and Homenick";0;"tan";"Awesome"
974;5;0;"Rippin - Tromp";0;"orchid";"Recycled"
975;4;4;"Strosin and Sons";0;"grey";"Small"
976;3;2;"Johnston, Mueller and Crooks";0;"tan";"Handmade"
977;4;1;"Purdy, Feil and Herman";1;"blue";"Small"
978;4;3;"Kihn LLC";0;"fuchsia";"Luxurious"
979;1;0;"Spencer LLC";1;"silver";"Generic"
980;0;4;"Carter, Spencer and Rau";0;"violet";"Rustic"
981;2;4;"Balistreri - Fisher";0;"violet";"Modern"
982;1;2;"Bayer, Friesen and Pagac";1;"indigo";"Tasty"
983;2;4;"Reichel Group";1;"blue";"Unbranded"
984;1;2;"Boehm, Rodriguez and Lesch";1;"fuchsia";"Rustic"
985;2;0;"Pagac - Walker";0;"orange";"Awesome"
986;3;2;"Fahey and Sons";1;"black";"Fantastic"
987;0;1;"Johns, Renner and Kuhn";0;"indigo";"Refined"
988;4;4;"Nitzsche Group";0;"azure";"Practical"
989;1;4;"Keeling, Carroll and Oberbrunner";1;"white";"Modern"
990;3;0;"Lowe, Block and Satterfield";1;"maroon";"Elegant"
991;4;2;"Ratke, Leffler and Halvorson";1;"mint green";"Tasty"
992;3;5;"Lynch - Walter";0;"azure";"Refined"
993;5;5;"Schuster, Hickle and Collier";1;"magenta";"Handcrafted"
994;0;2;"Bashirian Inc";1;"sky blue";"Small"
995;3;2;"Mraz, Klein and Haley";1;"ivory";"Unbranded"
996;1;1;"Prosacco, Cormier and Cummings";1;"tan";"Generic"
997;3;1;"Bogan, Satterfield and Miller";0;"red";"Bespoke"
998;0;5;"Veum, Weber and Conn";0;"sky blue";"Handcrafted"
999;2;5;"McCullough, Harris and Abernathy";0;"orchid";"Generic"
1000;0;0;"Breitenberg Group";0;"violet";"Bespoke"